<?xml version="1.0" encoding="UTF-8"?>
<beans xmlns="http://www.springframework.org/schema/beans"
       xmlns:xsi="http://www.w3.org/2001/XMLSchema-instance"
       xsi:schemaLocation="
		http://www.springframework.org/schema/beans
		http://www.springframework.org/schema/beans/spring-beans-3.1.xsd">
    <beans>
        <bean id="userManager" class="com.wisemapping.dao.UserManagerImpl">
            <property name="hibernateTemplate" ref="hibernateTemplate"/>
            <property name="encoder" ref="encoder"/>
        </bean>

        <bean id="mindmapManager" class="com.wisemapping.dao.MindmapManagerImpl">
            <property name="hibernateTemplate" ref="hibernateTemplate"/>
        </bean>

        <bean id="labelManager" class="com.wisemapping.dao.LabelManagerImpl">
            <property name="hibernateTemplate" ref="hibernateTemplate"/>
        </bean>

    </beans>
</beans>